{
    "['AVA']_['velocity']_0.0_0_True_True": {
        "train": [
            0.09906828676217369,
            0.028557140812543885
        ],
        "valid": [
            0.15891727358102797,
            0.1185274101793766
        ]
    },
    "['AVA']_['velocity']_0.04_0_True_True": {
        "train": [
            0.1041720411075013,
            0.02842734624365611
        ],
        "valid": [
            0.15133290588855744,
            0.1019621342420578
        ]
    },
    "['AVA']_['velocity']_0.08_0_True_True": {
        "train": [
            0.11541873748813357,
            0.02885124587919563
        ],
        "valid": [
            0.145787113904953,
            0.11739830486476421
        ]
    },
    "['AVA']_['velocity']_0.12_0_True_True": {
        "train": [
            0.12098062065030847,
            0.032603854147185175
        ],
        "valid": [
            0.16352105662226676,
            0.10781378410756588
        ]
    },
    "['AVA']_['velocity']_0.17_0_True_True": {
        "train": [
            0.059041446108104925,
            0.027286125014403036
        ],
        "valid": [
            0.11717628911137581,
            0.1138185378164053
        ]
    },
    "['AVA']_['velocity']_0.21_0_True_True": {
        "train": [
            0.12318803050688334,
            0.03298561394746814
        ],
        "valid": [
            0.15117290616035461,
            0.10240512564778328
        ]
    },
    "['AVA']_['velocity']_0.25_0_True_True": {
        "train": [
            0.09211449371650815,
            0.029034220181139454
        ],
        "valid": [
            0.1619623690843582,
            0.11830517873167992
        ]
    },
    "['AVA']_['velocity']_0.29_0_True_True": {
        "train": [
            0.07348256864185844,
            0.027380442679194466
        ],
        "valid": [
            0.12423497214913368,
            0.1194675549864769
        ]
    },
    "['AVA']_['velocity']_0.33_0_True_True": {
        "train": [
            0.08872465496616704,
            0.02935463871939906
        ],
        "valid": [
            0.13377053216099738,
            0.10697312653064728
        ]
    },
    "['AVA']_['velocity']_0.38_0_True_True": {
        "train": [
            0.07496246628995452,
            0.03253513641123261
        ],
        "valid": [
            0.12358649969100952,
            0.11532097458839416
        ]
    },
    "['AVA']_['velocity']_0.42_0_True_True": {
        "train": [
            0.2236538478838546,
            0.031142212450504303
        ],
        "valid": [
            0.13921844437718392,
            0.12842390015721322
        ]
    },
    "['AVA']_['velocity']_0.46_0_True_True": {
        "train": [
            0.08471888343670539,
            0.029034797501351153
        ],
        "valid": [
            0.1269061505794525,
            0.11771787256002426
        ]
    },
    "['AVA']_['velocity']_0.5_0_True_True": {
        "train": [
            0.11168887220056993,
            0.029645086665238653
        ],
        "valid": [
            0.11586741060018539,
            0.10161191821098328
        ]
    },
    "['AVA']_['velocity']_0.54_0_True_True": {
        "train": [
            0.07044809038883873,
            0.02924528904259205
        ],
        "valid": [
            0.1488351844251156,
            0.12529114298522473
        ]
    },
    "['AVA']_['velocity']_0.58_0_True_True": {
        "train": [
            0.07493465317280165,
            0.028995336149819195
        ],
        "valid": [
            0.151231586933136,
            0.10655951984226704
        ]
    },
    "['AVA']_['velocity']_0.62_0_True_True": {
        "train": [
            0.09522616693616978,
            0.029336768302268217
        ],
        "valid": [
            0.14780951514840127,
            0.1171411082148552
        ]
    },
    "['AVA']_['velocity']_0.67_0_True_True": {
        "train": [
            0.10947289494132358,
            0.029678278536136662
        ],
        "valid": [
            0.18781730830669402,
            0.15512791723012925
        ]
    },
    "['AVA']_['velocity']_0.71_0_True_True": {
        "train": [
            0.09589735857610192,
            0.029385906078719666
        ],
        "valid": [
            0.14518828317523003,
            0.12546456605196
        ]
    },
    "['AVA']_['velocity']_0.75_0_True_True": {
        "train": [
            0.19992727347250497,
            0.038270953277658136
        ],
        "valid": [
            0.20004939585924147,
            0.10870964415371417
        ]
    },
    "['AVA']_['velocity']_0.79_0_True_True": {
        "train": [
            0.11616712525886085,
            0.02856025691809399
        ],
        "valid": [
            0.12443485483527184,
            0.13136565759778024
        ]
    },
    "['AVA']_['velocity']_0.83_0_True_True": {
        "train": [
            0.09474988102114626,
            0.03097793323520039
        ],
        "valid": [
            0.12892234176397324,
            0.10445697084069253
        ]
    },
    "['AVA']_['velocity']_0.88_0_True_True": {
        "train": [
            0.1003372009976634,
            0.02928553754463792
        ],
        "valid": [
            0.13225148767232894,
            0.10378060936927795
        ]
    },
    "['AVA']_['velocity']_0.92_0_True_True": {
        "train": [
            0.10544630565813609,
            0.029460886060925468
        ],
        "valid": [
            0.11459758803248406,
            0.10077821761369705
        ]
    },
    "['AVA']_['velocity']_0.96_0_True_True": {
        "train": [
            0.061235118324735334,
            0.029226027678565254
        ],
        "valid": [
            0.11309646368026734,
            0.11219664961099625
        ]
    },
    "['AVA']_['velocity']_1.0_0_True_True": {
        "train": [
            0.09900504197659236,
            0.02948202774859965
        ],
        "valid": [
            0.1554640457034111,
            0.1164174072444439
        ]
    }
}